Order_ID,Order_Date,Wave_Date,Ship_Date,Units_Ordered,Units_Invoiced,Channel,Avg_Price,Margin_Pct,Material,AFS PO Number
ORD000001,2025-07-09,2025-07-12,2025-07-13,415,408,Retail,118.37,0.4,MAT00084,PO000493
ORD000002,2025-06-09,2025-06-10,2025-06-15,158,158,Retail,176.66,0.4,MAT00090,PO000368
ORD000003,2025-10-05,2025-10-05,2025-10-10,350,350,Retail,209.48,0.4,MAT00041,PO000152
ORD000004,2025-06-28,2025-06-29,2025-06-30,383,383,Wholesale,328.24,0.2,MAT00021,PO000159
ORD000005,2025-06-24,2025-06-25,2025-06-30,337,337,Retail,117.81,0.4,MAT00027,PO000479
ORD000006,2025-09-05,2025-09-08,2025-09-10,175,175,Retail,386.63,0.4,MAT00055,PO000488
ORD000007,2025-09-05,2025-09-07,2025-09-09,261,261,Wholesale,377.95,0.2,MAT00011,PO000366
ORD000008,2025-06-02,2025-06-02,2025-06-06,291,291,Retail,96.77,0.4,MAT00098,PO000407
ORD000009,2025-09-12,2025-09-14,2025-09-18,56,56,Ecom,376.02,0.5,MAT00109,PO000086
ORD000010,2025-10-22,2025-10-23,2025-10-26,115,115,Wholesale,135.46,0.2,MAT00096,PO000100
ORD000011,2025-10-24,2025-10-24,2025-10-26,77,77,Ecom,396.5,0.5,MAT00012,PO000227
ORD000012,2025-07-04,2025-07-06,2025-07-09,548,548,Wholesale,340.24,0.2,MAT00071,PO000429
ORD000013,2025-10-10,2025-10-10,2025-10-11,474,474,Ecom,159.75,0.5,MAT00001,PO000011
ORD000014,2025-09-01,2025-09-01,2025-09-05,100,91,Retail,166.66,0.4,MAT00064,PO000471
ORD000015,2025-09-04,2025-09-04,2025-09-08,318,318,Wholesale,299.89,0.2,MAT00108,PO000183
ORD000016,2025-10-27,2025-10-28,2025-10-31,434,434,Retail,185.34,0.4,MAT00022,PO000333
ORD000017,2025-06-07,2025-06-07,2025-06-11,196,196,Wholesale,173.49,0.2,MAT00092,PO000447
ORD000018,2025-06-13,2025-06-14,2025-06-19,293,293,Wholesale,193.87,0.2,MAT00024,PO000044
ORD000019,2025-09-16,2025-09-19,2025-09-24,71,71,Wholesale,53.74,0.2,MAT00059,PO000460
ORD000020,2025-07-17,2025-07-20,2025-07-23,140,140,Retail,110.61,0.4,MAT00106,PO000049
ORD000021,2025-07-16,2025-07-16,2025-07-17,467,467,Ecom,165.46,0.5,MAT00005,PO000351
ORD000022,2025-07-13,2025-07-14,2025-07-17,428,428,Retail,348.55,0.4,MAT00087,PO000354
ORD000023,2025-06-04,2025-06-06,2025-06-09,70,63,Ecom,239.43,0.5,MAT00056,PO000485
ORD000024,2025-06-28,2025-07-01,2025-07-04,439,439,Ecom,293.81,0.5,MAT00076,PO000009
ORD000025,2025-07-19,2025-07-20,2025-07-22,558,558,Ecom,251.6,0.5,MAT00006,PO000161
ORD000026,2025-07-22,2025-07-23,2025-07-27,529,523,Ecom,251.32,0.5,MAT00075,PO000014
ORD000027,2025-09-14,2025-09-14,2025-09-17,185,185,Ecom,298.02,0.5,MAT00015,PO000477
ORD000028,2025-10-13,2025-10-16,2025-10-20,524,524,Retail,243.59,0.4,MAT00086,PO000122
ORD000029,2025-06-25,2025-06-25,2025-06-29,585,585,Wholesale,183.11,0.2,MAT00021,PO000323
ORD000030,2025-09-29,2025-10-02,2025-10-05,523,523,Retail,371.69,0.4,MAT00012,PO000171
ORD000031,2025-09-20,2025-09-22,2025-09-26,161,161,Wholesale,83.71,0.2,MAT00056,PO000202
ORD000032,2025-07-14,2025-07-16,2025-07-20,414,414,Retail,296.56,0.4,MAT00016,PO000379
ORD000033,2025-08-22,2025-08-25,2025-08-27,509,509,Retail,286.47,0.4,MAT00096,PO000468
ORD000034,2025-08-22,2025-08-25,2025-08-27,331,331,Ecom,48.42,0.5,MAT00054,PO000130
ORD000035,2025-09-19,2025-09-19,2025-09-22,41,41,Retail,59,0.4,MAT00025,PO000374
ORD000036,2025-08-28,2025-08-31,2025-09-03,68,68,Wholesale,287.63,0.2,MAT00074,PO000004
ORD000037,2025-09-13,2025-09-14,2025-09-19,272,272,Wholesale,171.04,0.2,MAT00038,PO000066
ORD000038,2025-08-14,2025-08-16,2025-08-18,331,331,Retail,232.83,0.4,MAT00077,PO000512
ORD000039,2025-07-17,2025-07-18,2025-07-21,179,179,Ecom,87.58,0.5,MAT00101,PO000416
ORD000040,2025-06-05,2025-06-06,2025-06-09,367,367,Retail,94.11,0.4,MAT00029,PO000243
ORD000041,2025-09-07,2025-09-08,2025-09-13,45,45,Wholesale,248.15,0.2,MAT00110,PO000283
ORD000042,2025-09-02,2025-09-04,2025-09-05,215,215,Retail,265.8,0.4,MAT00047,PO000005
ORD000043,2025-09-23,2025-09-23,2025-09-27,40,40,Wholesale,323.64,0.2,MAT00104,PO000181
ORD000044,2025-07-24,2025-07-24,2025-07-28,295,295,Wholesale,308.13,0.2,MAT00052,PO000154
ORD000045,2025-10-26,2025-10-26,2025-10-29,317,317,Wholesale,134.08,0.2,MAT00058,PO000206
ORD000046,2025-06-16,2025-06-16,2025-06-19,464,464,Retail,248.21,0.4,MAT00028,PO000485
ORD000047,2025-10-10,2025-10-10,2025-10-15,91,91,Wholesale,66.62,0.2,MAT00049,PO000047
ORD000048,2025-08-12,2025-08-15,2025-08-19,163,162,Wholesale,46.14,0.2,MAT00064,PO000300
ORD000049,2025-08-03,2025-08-03,2025-08-05,145,145,Retail,320.13,0.4,MAT00045,PO000411
ORD000050,2025-10-09,2025-10-12,2025-10-14,507,507,Ecom,116.93,0.5,MAT00030,PO000288
ORD000051,2025-08-06,2025-08-09,2025-08-14,425,425,Ecom,340.34,0.5,MAT00030,PO000492
ORD000052,2025-09-29,2025-10-02,2025-10-05,428,428,Retail,306.29,0.4,MAT00073,PO000341
ORD000053,2025-07-01,2025-07-03,2025-07-04,338,338,Wholesale,226.66,0.2,MAT00057,PO000003
ORD000054,2025-10-04,2025-10-04,2025-10-06,583,583,Ecom,133.36,0.5,MAT00084,PO000433
ORD000055,2025-06-14,2025-06-14,2025-06-19,301,301,Retail,91.23,0.4,MAT00084,PO000150
ORD000056,2025-07-16,2025-07-19,2025-07-24,562,558,Ecom,98.87,0.5,MAT00094,PO000517
ORD000057,2025-09-17,2025-09-20,2025-09-25,96,89,Retail,86.12,0.4,MAT00040,PO000338
ORD000058,2025-08-18,2025-08-21,2025-08-23,439,439,Ecom,330.65,0.5,MAT00016,PO000200
ORD000059,2025-09-28,2025-09-28,2025-10-02,115,115,Wholesale,180.36,0.2,MAT00013,PO000456
ORD000060,2025-08-09,2025-08-12,2025-08-15,423,423,Retail,74.78,0.4,MAT00070,PO000031
ORD000061,2025-07-22,2025-07-23,2025-07-28,479,479,Retail,250.39,0.4,MAT00091,PO000068
ORD000062,2025-06-05,2025-06-06,2025-06-08,143,143,Retail,227.8,0.4,MAT00072,PO000407
ORD000063,2025-08-31,2025-09-02,2025-09-06,547,547,Retail,123.51,0.4,MAT00077,PO000107
ORD000064,2025-09-30,2025-10-02,2025-10-05,477,477,Wholesale,76.5,0.2,MAT00082,PO000449
ORD000065,2025-06-11,2025-06-14,2025-06-18,98,98,Retail,230.24,0.4,MAT00062,PO000053
ORD000066,2025-08-26,2025-08-29,2025-08-30,530,529,Wholesale,127.1,0.2,MAT00058,PO000151
ORD000067,2025-09-26,2025-09-29,2025-10-04,257,257,Wholesale,131.9,0.2,MAT00094,PO000103
ORD000068,2025-06-07,2025-06-09,2025-06-12,373,373,Retail,118.77,0.4,MAT00071,PO000300
ORD000069,2025-07-10,2025-07-10,2025-07-14,168,168,Ecom,311.48,0.5,MAT00049,PO000050
ORD000070,2025-08-08,2025-08-09,2025-08-14,481,481,Wholesale,178.26,0.2,MAT00060,PO000180
ORD000071,2025-06-07,2025-06-09,2025-06-11,362,362,Wholesale,110.95,0.2,MAT00109,PO000078
ORD000072,2025-08-20,2025-08-20,2025-08-21,418,418,Wholesale,154.9,0.2,MAT00089,PO000270
ORD000073,2025-09-02,2025-09-03,2025-09-08,540,540,Ecom,126.67,0.5,MAT00022,PO000371
ORD000074,2025-10-12,2025-10-12,2025-10-16,396,396,Wholesale,103.11,0.2,MAT00049,PO000515
ORD000075,2025-07-08,2025-07-10,2025-07-12,298,298,Retail,396.94,0.4,MAT00019,PO000390
ORD000076,2025-06-23,2025-06-25,2025-06-28,593,593,Wholesale,240.19,0.2,MAT00097,PO000091
ORD000077,2025-08-31,2025-09-02,2025-09-05,503,503,Retail,275.83,0.4,MAT00030,PO000016
ORD000078,2025-08-12,2025-08-13,2025-08-16,431,431,Retail,156.92,0.4,MAT00100,PO000327
ORD000079,2025-08-29,2025-08-29,2025-08-30,565,565,Wholesale,388.27,0.2,MAT00072,PO000046
ORD000080,2025-10-29,2025-11-01,2025-11-02,126,126,Retail,313.9,0.4,MAT00105,PO000455
ORD000081,2025-09-14,2025-09-17,2025-09-21,349,349,Wholesale,76.95,0.2,MAT00049,PO000326
ORD000082,2025-09-01,2025-09-01,2025-09-05,230,230,Wholesale,179.4,0.2,MAT00027,PO000258
ORD000083,2025-09-01,2025-09-03,2025-09-08,301,301,Retail,108.37,0.4,MAT00044,PO000400
ORD000084,2025-10-22,2025-10-22,2025-10-23,83,83,Wholesale,110.21,0.2,MAT00044,PO000114
ORD000085,2025-07-28,2025-07-30,2025-08-01,263,263,Wholesale,205.95,0.2,MAT00092,PO000062
ORD000086,2025-08-01,2025-08-02,2025-08-04,499,499,Retail,374.39,0.4,MAT00017,PO000310
ORD000087,2025-08-03,2025-08-06,2025-08-11,496,496,Wholesale,151,0.2,MAT00033,PO000349
ORD000088,2025-10-12,2025-10-13,2025-10-17,231,231,Wholesale,119.43,0.2,MAT00001,PO000050
ORD000089,2025-07-28,2025-07-28,2025-08-02,102,102,Ecom,185.92,0.5,MAT00063,PO000298
ORD000090,2025-08-01,2025-08-04,2025-08-09,85,85,Wholesale,224.42,0.2,MAT00029,PO000496
ORD000091,2025-09-04,2025-09-07,2025-09-10,582,582,Ecom,202.5,0.5,MAT00095,PO000417
ORD000092,2025-07-05,2025-07-07,2025-07-10,342,342,Ecom,325.45,0.5,MAT00085,PO000434
ORD000093,2025-09-04,2025-09-05,2025-09-09,107,107,Wholesale,358.57,0.2,MAT00004,PO000191
ORD000094,2025-07-24,2025-07-26,2025-07-27,132,132,Ecom,163.96,0.5,MAT00051,PO000069
ORD000095,2025-09-25,2025-09-25,2025-09-28,233,233,Ecom,397.91,0.5,MAT00026,PO000321
ORD000096,2025-09-29,2025-09-30,2025-10-02,103,103,Retail,185.32,0.4,MAT00069,PO000141
ORD000097,2025-09-09,2025-09-09,2025-09-10,562,562,Retail,303.69,0.4,MAT00068,PO000500
ORD000098,2025-10-23,2025-10-23,2025-10-24,173,173,Wholesale,235.56,0.2,MAT00110,PO000404
ORD000099,2025-08-19,2025-08-22,2025-08-25,513,513,Wholesale,179.71,0.2,MAT00013,PO000409
ORD000100,2025-09-25,2025-09-26,2025-10-01,44,40,Ecom,386,0.5,MAT00055,PO000474
ORD000101,2025-06-01,2025-06-03,2025-06-05,369,369,Wholesale,270.41,0.2,MAT00022,PO000336
ORD000102,2025-10-25,2025-10-28,2025-10-31,329,329,Wholesale,238.69,0.2,MAT00008,PO000142
ORD000103,2025-10-02,2025-10-05,2025-10-06,588,586,Ecom,95.54,0.5,MAT00080,PO000507
ORD000104,2025-07-07,2025-07-08,2025-07-12,182,182,Wholesale,67.97,0.2,MAT00018,PO000319
ORD000105,2025-06-04,2025-06-06,2025-06-07,463,463,Wholesale,334.27,0.2,MAT00093,PO000049
ORD000106,2025-09-27,2025-09-27,2025-09-29,502,502,Ecom,286.98,0.5,MAT00061,PO000108
ORD000107,2025-08-11,2025-08-11,2025-08-16,124,123,Retail,377.74,0.4,MAT00077,PO000208
ORD000108,2025-06-02,2025-06-02,2025-06-04,524,524,Retail,228.62,0.4,MAT00086,PO000227
ORD000109,2025-06-09,2025-06-10,2025-06-12,553,553,Wholesale,134.67,0.2,MAT00029,PO000452
ORD000110,2025-10-10,2025-10-10,2025-10-14,20,20,Ecom,171.07,0.5,MAT00050,PO000403
ORD000111,2025-08-31,2025-09-02,2025-09-05,51,51,Ecom,44.76,0.5,MAT00072,PO000477
ORD000112,2025-10-03,2025-10-06,2025-10-10,506,506,Retail,211.37,0.4,MAT00095,PO000379
ORD000113,2025-06-21,2025-06-23,2025-06-26,136,136,Retail,123.67,0.4,MAT00110,PO000175
ORD000114,2025-06-12,2025-06-12,2025-06-15,23,23,Ecom,221.45,0.5,MAT00039,PO000241
ORD000115,2025-06-04,2025-06-06,2025-06-07,406,406,Ecom,70.98,0.5,MAT00078,PO000139
ORD000116,2025-09-04,2025-09-07,2025-09-10,481,481,Wholesale,251.17,0.2,MAT00055,PO000200
ORD000117,2025-09-25,2025-09-25,2025-09-29,318,318,Ecom,254.93,0.5,MAT00034,PO000131
ORD000118,2025-08-19,2025-08-22,2025-08-27,129,129,Retail,201.19,0.4,MAT00073,PO000359
ORD000119,2025-06-16,2025-06-19,2025-06-21,215,207,Retail,182.56,0.4,MAT00020,PO000493
ORD000120,2025-09-12,2025-09-13,2025-09-16,500,500,Wholesale,56.43,0.2,MAT00049,PO000509
ORD000121,2025-06-08,2025-06-10,2025-06-15,111,111,Ecom,136.09,0.5,MAT00053,PO000107
ORD000122,2025-10-14,2025-10-15,2025-10-16,240,240,Wholesale,379.6,0.2,MAT00097,PO000443
ORD000123,2025-08-31,2025-09-01,2025-09-04,357,357,Wholesale,54.7,0.2,MAT00096,PO000288
ORD000124,2025-09-03,2025-09-05,2025-09-07,492,492,Retail,245.71,0.4,MAT00008,PO000103
ORD000125,2025-06-03,2025-06-03,2025-06-08,348,348,Ecom,63.44,0.5,MAT00110,PO000096
ORD000126,2025-10-08,2025-10-08,2025-10-13,95,95,Wholesale,83.53,0.2,MAT00039,PO000466
ORD000127,2025-06-22,2025-06-24,2025-06-29,263,263,Ecom,199.29,0.5,MAT00037,PO000427
ORD000128,2025-08-05,2025-08-06,2025-08-08,568,568,Wholesale,281.57,0.2,MAT00100,PO000357
ORD000129,2025-06-19,2025-06-22,2025-06-23,371,371,Wholesale,105.72,0.2,MAT00099,PO000338
ORD000130,2025-07-29,2025-07-31,2025-08-05,581,581,Ecom,362.33,0.5,MAT00039,PO000038
ORD000131,2025-08-10,2025-08-10,2025-08-11,556,556,Ecom,149.49,0.5,MAT00094,PO000518
ORD000132,2025-09-05,2025-09-08,2025-09-13,115,115,Retail,276.41,0.4,MAT00076,PO000459
ORD000133,2025-10-13,2025-10-13,2025-10-15,496,496,Wholesale,224.08,0.2,MAT00066,PO000086
ORD000134,2025-07-25,2025-07-28,2025-07-31,327,327,Wholesale,213.81,0.2,MAT00092,PO000250
ORD000135,2025-08-13,2025-08-16,2025-08-21,173,173,Wholesale,327.27,0.2,MAT00060,PO000347
ORD000136,2025-09-18,2025-09-19,2025-09-22,456,456,Retail,145.76,0.4,MAT00079,PO000349
ORD000137,2025-06-26,2025-06-26,2025-07-01,248,248,Retail,154.76,0.4,MAT00059,PO000108
ORD000138,2025-08-25,2025-08-26,2025-08-31,118,118,Ecom,211.28,0.5,MAT00098,PO000437
ORD000139,2025-08-08,2025-08-09,2025-08-10,280,273,Ecom,214.52,0.5,MAT00039,PO000045
ORD000140,2025-10-23,2025-10-23,2025-10-28,219,219,Retail,316.58,0.4,MAT00049,PO000207
ORD000141,2025-09-09,2025-09-11,2025-09-13,447,447,Ecom,54.5,0.5,MAT00087,PO000275
ORD000142,2025-07-03,2025-07-05,2025-07-08,359,359,Retail,327.23,0.4,MAT00022,PO000212
ORD000143,2025-08-20,2025-08-20,2025-08-22,405,405,Wholesale,395.64,0.2,MAT00089,PO000325
ORD000144,2025-07-05,2025-07-07,2025-07-09,30,30,Ecom,135.1,0.5,MAT00045,PO000411
ORD000145,2025-09-09,2025-09-09,2025-09-10,175,175,Retail,131.82,0.4,MAT00080,PO000353
ORD000146,2025-06-06,2025-06-07,2025-06-10,57,57,Retail,355.28,0.4,MAT00057,PO000164
ORD000147,2025-06-27,2025-06-29,2025-07-03,379,379,Wholesale,183.78,0.2,MAT00106,PO000392
ORD000148,2025-09-27,2025-09-28,2025-10-02,182,175,Ecom,156.9,0.5,MAT00096,PO000347
ORD000149,2025-10-03,2025-10-03,2025-10-04,333,333,Retail,49.73,0.4,MAT00007,PO000318
ORD000150,2025-08-28,2025-08-30,2025-09-02,192,192,Wholesale,43.16,0.2,MAT00038,PO000084
ORD000151,2025-07-11,2025-07-11,2025-07-16,24,24,Retail,335.19,0.4,MAT00086,PO000459
ORD000152,2025-10-26,2025-10-28,2025-10-31,118,118,Retail,122.94,0.4,MAT00070,PO000298
ORD000153,2025-08-20,2025-08-23,2025-08-28,360,360,Retail,216.11,0.4,MAT00006,PO000102
ORD000154,2025-08-05,2025-08-05,2025-08-07,251,247,Retail,116.9,0.4,MAT00001,PO000100
ORD000155,2025-08-31,2025-09-01,2025-09-05,28,28,Ecom,305.51,0.5,MAT00035,PO000289
ORD000156,2025-10-11,2025-10-12,2025-10-17,75,75,Retail,131.45,0.4,MAT00100,PO000357
ORD000157,2025-07-10,2025-07-11,2025-07-14,184,184,Wholesale,142.69,0.2,MAT00024,PO000518
ORD000158,2025-09-26,2025-09-28,2025-10-03,158,158,Wholesale,58.26,0.2,MAT00035,PO000339
ORD000159,2025-07-25,2025-07-25,2025-07-27,221,221,Wholesale,67.29,0.2,MAT00091,PO000003
ORD000160,2025-07-29,2025-07-31,2025-08-01,459,459,Ecom,279.08,0.5,MAT00063,PO000377
ORD000161,2025-10-31,2025-10-31,2025-11-05,583,576,Ecom,212.22,0.5,MAT00088,PO000280
ORD000162,2025-06-19,2025-06-22,2025-06-26,274,274,Wholesale,196.27,0.2,MAT00061,PO000310
ORD000163,2025-10-30,2025-10-31,2025-11-03,338,338,Retail,144.62,0.4,MAT00104,PO000057
ORD000164,2025-06-04,2025-06-05,2025-06-08,250,250,Retail,309.69,0.4,MAT00097,PO000478
ORD000165,2025-07-24,2025-07-24,2025-07-29,172,172,Ecom,62.72,0.5,MAT00066,PO000132
ORD000166,2025-09-05,2025-09-05,2025-09-07,247,247,Ecom,54.3,0.5,MAT00020,PO000064
ORD000167,2025-09-09,2025-09-10,2025-09-12,203,203,Retail,392.23,0.4,MAT00021,PO000033
ORD000168,2025-06-28,2025-06-30,2025-07-01,268,268,Wholesale,201.58,0.2,MAT00061,PO000461
ORD000169,2025-07-22,2025-07-25,2025-07-28,90,90,Retail,380.05,0.4,MAT00104,PO000491
ORD000170,2025-09-13,2025-09-15,2025-09-20,151,151,Ecom,285.74,0.5,MAT00027,PO000451
ORD000171,2025-07-11,2025-07-11,2025-07-15,509,509,Retail,96.31,0.4,MAT00083,PO000464
ORD000172,2025-09-22,2025-09-24,2025-09-29,110,110,Wholesale,143.71,0.2,MAT00090,PO000226
ORD000173,2025-08-30,2025-09-01,2025-09-04,295,295,Wholesale,55.46,0.2,MAT00030,PO000304
ORD000174,2025-08-06,2025-08-09,2025-08-12,319,319,Retail,129.65,0.4,MAT00034,PO000496
ORD000175,2025-10-26,2025-10-26,2025-10-29,125,125,Wholesale,337.79,0.2,MAT00104,PO000360
ORD000176,2025-07-29,2025-08-01,2025-08-04,392,392,Retail,205.25,0.4,MAT00013,PO000427
ORD000177,2025-06-11,2025-06-11,2025-06-14,84,84,Ecom,294.05,0.5,MAT00040,PO000484
ORD000178,2025-07-15,2025-07-15,2025-07-20,594,594,Wholesale,112.52,0.2,MAT00017,PO000350
ORD000179,2025-06-07,2025-06-08,2025-06-10,89,89,Wholesale,119.29,0.2,MAT00107,PO000079
ORD000180,2025-10-06,2025-10-08,2025-10-09,194,194,Ecom,75.61,0.5,MAT00005,PO000097
ORD000181,2025-10-03,2025-10-05,2025-10-07,83,83,Wholesale,156.58,0.2,MAT00056,PO000359
ORD000182,2025-09-25,2025-09-26,2025-09-27,29,29,Wholesale,222.57,0.2,MAT00063,PO000158
ORD000183,2025-08-05,2025-08-05,2025-08-08,46,46,Wholesale,384.89,0.2,MAT00102,PO000507
ORD000184,2025-09-12,2025-09-12,2025-09-16,530,530,Ecom,228.04,0.5,MAT00034,PO000037
ORD000185,2025-10-07,2025-10-07,2025-10-11,574,574,Wholesale,336.72,0.2,MAT00103,PO000455
ORD000186,2025-06-02,2025-06-04,2025-06-08,387,382,Ecom,110.94,0.5,MAT00047,PO000363
ORD000187,2025-10-27,2025-10-28,2025-10-31,511,511,Wholesale,280.18,0.2,MAT00009,PO000318
ORD000188,2025-06-06,2025-06-09,2025-06-13,422,422,Ecom,215.47,0.5,MAT00077,PO000370
ORD000189,2025-07-15,2025-07-17,2025-07-19,54,54,Ecom,237.35,0.5,MAT00002,PO000283
ORD000190,2025-08-31,2025-08-31,2025-09-01,290,287,Wholesale,380.84,0.2,MAT00089,PO000318
ORD000191,2025-08-09,2025-08-12,2025-08-15,290,290,Retail,263.34,0.4,MAT00020,PO000246
ORD000192,2025-06-30,2025-07-01,2025-07-06,394,394,Wholesale,384.47,0.2,MAT00074,PO000089
ORD000193,2025-07-21,2025-07-23,2025-07-24,407,407,Retail,352.6,0.4,MAT00033,PO000436
ORD000194,2025-08-28,2025-08-29,2025-08-30,245,245,Wholesale,251.07,0.2,MAT00019,PO000014
ORD000195,2025-07-07,2025-07-10,2025-07-13,152,152,Retail,97.99,0.4,MAT00109,PO000093
ORD000196,2025-10-10,2025-10-12,2025-10-14,310,306,Wholesale,180.55,0.2,MAT00030,PO000414
ORD000197,2025-06-21,2025-06-22,2025-06-26,444,441,Ecom,225.55,0.5,MAT00027,PO000341
ORD000198,2025-07-05,2025-07-06,2025-07-11,239,239,Wholesale,387.73,0.2,MAT00027,PO000356
ORD000199,2025-10-21,2025-10-24,2025-10-28,347,347,Retail,302.27,0.4,MAT00059,PO000499
ORD000200,2025-09-24,2025-09-24,2025-09-25,39,39,Retail,147,0.4,MAT00074,PO000410
ORD000201,2025-08-29,2025-08-30,2025-09-01,476,476,Retail,258.54,0.4,MAT00025,PO000479
ORD000202,2025-10-28,2025-10-28,2025-11-02,193,193,Wholesale,208.9,0.2,MAT00107,PO000192
ORD000203,2025-10-17,2025-10-19,2025-10-20,574,574,Wholesale,371.03,0.2,MAT00053,PO000096
ORD000204,2025-07-13,2025-07-16,2025-07-18,356,356,Ecom,253.24,0.5,MAT00019,PO000291
ORD000205,2025-09-06,2025-09-07,2025-09-08,229,229,Ecom,128.54,0.5,MAT00021,PO000011
ORD000206,2025-09-22,2025-09-22,2025-09-24,323,323,Retail,103.92,0.4,MAT00011,PO000238
ORD000207,2025-09-09,2025-09-11,2025-09-14,320,320,Ecom,41.17,0.5,MAT00039,PO000376
ORD000208,2025-08-30,2025-08-31,2025-09-05,471,471,Ecom,261.61,0.5,MAT00047,PO000432
ORD000209,2025-06-22,2025-06-25,2025-06-29,402,402,Ecom,104.8,0.5,MAT00005,PO000414
ORD000210,2025-09-16,2025-09-19,2025-09-21,377,377,Ecom,238.43,0.5,MAT00069,PO000418
ORD000211,2025-07-03,2025-07-03,2025-07-08,282,282,Wholesale,58.86,0.2,MAT00046,PO000176
ORD000212,2025-07-16,2025-07-18,2025-07-19,574,574,Retail,332.09,0.4,MAT00021,PO000430
ORD000213,2025-09-18,2025-09-20,2025-09-25,98,97,Retail,52.5,0.4,MAT00095,PO000372
ORD000214,2025-07-13,2025-07-15,2025-07-20,405,405,Ecom,90.53,0.5,MAT00030,PO000052
ORD000215,2025-06-12,2025-06-14,2025-06-16,138,129,Retail,94,0.4,MAT00043,PO000089
ORD000216,2025-07-14,2025-07-16,2025-07-20,355,355,Wholesale,111.42,0.2,MAT00052,PO000112
ORD000217,2025-06-12,2025-06-12,2025-06-16,436,436,Retail,225.33,0.4,MAT00087,PO000098
ORD000218,2025-09-10,2025-09-12,2025-09-16,119,119,Wholesale,143.5,0.2,MAT00063,PO000123
ORD000219,2025-10-04,2025-10-06,2025-10-09,235,235,Wholesale,182.64,0.2,MAT00052,PO000510
ORD000220,2025-09-24,2025-09-25,2025-09-29,309,309,Wholesale,363.73,0.2,MAT00061,PO000391
ORD000221,2025-08-22,2025-08-25,2025-08-29,291,291,Wholesale,322.57,0.2,MAT00063,PO000108
ORD000222,2025-08-08,2025-08-10,2025-08-12,314,314,Ecom,288.04,0.5,MAT00101,PO000304
ORD000223,2025-09-11,2025-09-11,2025-09-14,437,437,Wholesale,291.5,0.2,MAT00050,PO000142
ORD000224,2025-09-25,2025-09-26,2025-10-01,446,446,Ecom,183.54,0.5,MAT00017,PO000187
ORD000225,2025-08-18,2025-08-20,2025-08-25,494,494,Retail,234.44,0.4,MAT00055,PO000290
ORD000226,2025-06-08,2025-06-09,2025-06-13,435,435,Retail,159.07,0.4,MAT00025,PO000168
ORD000227,2025-06-26,2025-06-28,2025-06-29,314,314,Wholesale,129.75,0.2,MAT00041,PO000463
ORD000228,2025-10-18,2025-10-21,2025-10-25,409,409,Wholesale,293.05,0.2,MAT00086,PO000509
ORD000229,2025-09-29,2025-10-01,2025-10-05,126,126,Retail,216.33,0.4,MAT00072,PO000034
ORD000230,2025-07-25,2025-07-27,2025-07-31,248,248,Retail,152.65,0.4,MAT00055,PO000290
ORD000231,2025-07-31,2025-07-31,2025-08-03,376,371,Ecom,372.58,0.5,MAT00035,PO000191
ORD000232,2025-07-28,2025-07-28,2025-07-30,240,240,Ecom,394.3,0.5,MAT00104,PO000402
ORD000233,2025-08-20,2025-08-21,2025-08-22,82,82,Retail,91.16,0.4,MAT00066,PO000235
ORD000234,2025-09-21,2025-09-21,2025-09-22,121,121,Retail,71.53,0.4,MAT00010,PO000332
ORD000235,2025-09-17,2025-09-17,2025-09-19,377,377,Ecom,162.68,0.5,MAT00090,PO000484
ORD000236,2025-09-17,2025-09-18,2025-09-20,465,465,Wholesale,174.85,0.2,MAT00041,PO000359
ORD000237,2025-10-15,2025-10-18,2025-10-20,96,96,Ecom,131.57,0.5,MAT00077,PO000035
ORD000238,2025-07-15,2025-07-16,2025-07-20,214,214,Wholesale,54.51,0.2,MAT00006,PO000214
ORD000239,2025-06-03,2025-06-05,2025-06-08,264,264,Wholesale,159.1,0.2,MAT00013,PO000221
ORD000240,2025-07-08,2025-07-10,2025-07-15,500,500,Retail,309.62,0.4,MAT00048,PO000314
ORD000241,2025-08-19,2025-08-22,2025-08-24,311,311,Retail,193.56,0.4,MAT00025,PO000082
ORD000242,2025-07-05,2025-07-07,2025-07-11,294,294,Retail,56.35,0.4,MAT00078,PO000007
ORD000243,2025-09-22,2025-09-24,2025-09-29,117,117,Wholesale,320.99,0.2,MAT00019,PO000501
ORD000244,2025-08-02,2025-08-03,2025-08-07,309,309,Ecom,96.62,0.5,MAT00010,PO000380
ORD000245,2025-07-07,2025-07-10,2025-07-14,325,325,Retail,268.13,0.4,MAT00050,PO000429
ORD000246,2025-09-02,2025-09-05,2025-09-06,594,594,Ecom,256.99,0.5,MAT00020,PO000428
ORD000247,2025-07-26,2025-07-29,2025-07-31,436,436,Ecom,166.57,0.5,MAT00092,PO000142
ORD000248,2025-08-26,2025-08-26,2025-08-29,589,588,Ecom,216.39,0.5,MAT00007,PO000063
ORD000249,2025-09-26,2025-09-27,2025-09-30,359,359,Retail,62.67,0.4,MAT00046,PO000314
ORD000250,2025-10-08,2025-10-09,2025-10-11,517,517,Retail,167.06,0.4,MAT00018,PO000475
ORD000251,2025-08-30,2025-08-31,2025-09-04,169,162,Wholesale,306.49,0.2,MAT00056,PO000386
ORD000252,2025-07-06,2025-07-06,2025-07-07,301,301,Ecom,135.78,0.5,MAT00084,PO000380
ORD000253,2025-08-17,2025-08-19,2025-08-24,124,124,Wholesale,134.55,0.2,MAT00064,PO000019
ORD000254,2025-07-07,2025-07-09,2025-07-11,356,356,Retail,43.26,0.4,MAT00001,PO000289
ORD000255,2025-06-20,2025-06-23,2025-06-26,318,318,Ecom,345.3,0.5,MAT00029,PO000130
ORD000256,2025-09-01,2025-09-02,2025-09-05,474,474,Retail,144.87,0.4,MAT00042,PO000256
ORD000257,2025-08-12,2025-08-13,2025-08-14,317,317,Retail,375.72,0.4,MAT00066,PO000036
ORD000258,2025-10-05,2025-10-05,2025-10-08,147,147,Wholesale,79.31,0.2,MAT00029,PO000476
ORD000259,2025-06-26,2025-06-29,2025-06-30,514,514,Ecom,319.95,0.5,MAT00086,PO000429
ORD000260,2025-09-29,2025-09-29,2025-10-02,358,358,Wholesale,305.09,0.2,MAT00047,PO000430
ORD000261,2025-08-29,2025-08-30,2025-09-04,367,367,Retail,202.08,0.4,MAT00098,PO000087
ORD000262,2025-10-28,2025-10-30,2025-11-02,369,369,Ecom,372.37,0.5,MAT00105,PO000247
ORD000263,2025-07-27,2025-07-27,2025-08-01,425,425,Wholesale,226.87,0.2,MAT00056,PO000308
ORD000264,2025-06-30,2025-07-01,2025-07-06,444,444,Wholesale,68.53,0.2,MAT00034,PO000092
ORD000265,2025-09-15,2025-09-15,2025-09-18,353,353,Ecom,253.68,0.5,MAT00077,PO000430
ORD000266,2025-08-05,2025-08-05,2025-08-06,304,304,Wholesale,54.78,0.2,MAT00084,PO000442
ORD000267,2025-08-14,2025-08-15,2025-08-16,125,125,Wholesale,254.96,0.2,MAT00093,PO000397
ORD000268,2025-06-28,2025-06-29,2025-06-30,64,56,Retail,105.08,0.4,MAT00097,PO000001
ORD000269,2025-10-17,2025-10-18,2025-10-20,433,433,Ecom,387.59,0.5,MAT00038,PO000272
ORD000270,2025-06-19,2025-06-21,2025-06-25,163,163,Retail,101.82,0.4,MAT00023,PO000257
ORD000271,2025-06-25,2025-06-28,2025-07-03,403,403,Retail,360.11,0.4,MAT00055,PO000436
ORD000272,2025-06-19,2025-06-19,2025-06-22,24,24,Ecom,192.39,0.5,MAT00015,PO000143
ORD000273,2025-08-18,2025-08-18,2025-08-20,567,567,Wholesale,223.76,0.2,MAT00016,PO000127
ORD000274,2025-06-22,2025-06-25,2025-06-26,322,322,Retail,382.84,0.4,MAT00027,PO000428
ORD000275,2025-09-26,2025-09-27,2025-09-28,392,392,Ecom,272.66,0.5,MAT00041,PO000021
ORD000276,2025-06-06,2025-06-07,2025-06-11,214,208,Wholesale,323.31,0.2,MAT00061,PO000454
ORD000277,2025-08-26,2025-08-28,2025-09-02,489,489,Ecom,190.47,0.5,MAT00062,PO000454
ORD000278,2025-08-11,2025-08-13,2025-08-17,314,314,Ecom,118.39,0.5,MAT00109,PO000002
ORD000279,2025-10-04,2025-10-06,2025-10-10,575,575,Wholesale,287.16,0.2,MAT00012,PO000482
ORD000280,2025-06-28,2025-06-28,2025-07-02,471,471,Wholesale,105.33,0.2,MAT00039,PO000091
ORD000281,2025-10-13,2025-10-16,2025-10-21,403,403,Ecom,138.31,0.5,MAT00007,PO000116
ORD000282,2025-07-19,2025-07-21,2025-07-26,455,455,Ecom,216.02,0.5,MAT00102,PO000433
ORD000283,2025-09-30,2025-10-02,2025-10-07,141,141,Ecom,334.49,0.5,MAT00083,PO000269
ORD000284,2025-07-01,2025-07-02,2025-07-03,292,292,Retail,346.14,0.4,MAT00047,PO000305
ORD000285,2025-07-08,2025-07-09,2025-07-14,378,378,Retail,340.69,0.4,MAT00011,PO000502
ORD000286,2025-10-31,2025-11-01,2025-11-05,308,308,Wholesale,123.17,0.2,MAT00020,PO000033
ORD000287,2025-10-27,2025-10-27,2025-10-30,333,331,Retail,286.98,0.4,MAT00031,PO000338
ORD000288,2025-07-06,2025-07-07,2025-07-12,29,29,Wholesale,267.77,0.2,MAT00035,PO000260
ORD000289,2025-07-13,2025-07-16,2025-07-17,391,391,Ecom,379.29,0.5,MAT00104,PO000501
ORD000290,2025-10-18,2025-10-19,2025-10-22,426,426,Wholesale,93.84,0.2,MAT00105,PO000398
ORD000291,2025-09-14,2025-09-15,2025-09-18,456,456,Retail,136.7,0.4,MAT00048,PO000299
ORD000292,2025-09-13,2025-09-16,2025-09-20,123,123,Retail,249.5,0.4,MAT00036,PO000144
ORD000293,2025-09-18,2025-09-20,2025-09-24,577,577,Retail,338.22,0.4,MAT00053,PO000347
ORD000294,2025-07-25,2025-07-28,2025-07-31,80,80,Retail,111.28,0.4,MAT00038,PO000466
ORD000295,2025-10-03,2025-10-04,2025-10-09,359,359,Ecom,156.47,0.5,MAT00029,PO000404
ORD000296,2025-08-09,2025-08-12,2025-08-13,256,256,Retail,244.89,0.4,MAT00061,PO000144
ORD000297,2025-08-27,2025-08-29,2025-09-01,123,123,Ecom,210.64,0.5,MAT00088,PO000011
ORD000298,2025-10-10,2025-10-13,2025-10-17,121,121,Retail,369.29,0.4,MAT00064,PO000071
ORD000299,2025-10-12,2025-10-15,2025-10-18,136,136,Wholesale,82.06,0.2,MAT00073,PO000493
ORD000300,2025-09-16,2025-09-17,2025-09-22,512,512,Wholesale,358.36,0.2,MAT00052,PO000127
ORD000301,2025-06-23,2025-06-25,2025-06-26,313,313,Ecom,357.42,0.5,MAT00032,PO000331
ORD000302,2025-09-28,2025-09-30,2025-10-03,375,375,Retail,317.21,0.4,MAT00080,PO000193
ORD000303,2025-06-16,2025-06-17,2025-06-18,497,497,Retail,48.15,0.4,MAT00090,PO000483
ORD000304,2025-06-30,2025-06-30,2025-07-02,327,327,Retail,55.66,0.4,MAT00009,PO000149
ORD000305,2025-07-08,2025-07-08,2025-07-12,442,442,Retail,256.47,0.4,MAT00049,PO000276
ORD000306,2025-06-15,2025-06-17,2025-06-22,77,77,Retail,273.12,0.4,MAT00090,PO000500
ORD000307,2025-08-03,2025-08-05,2025-08-10,594,594,Wholesale,209.2,0.2,MAT00020,PO000131
ORD000308,2025-10-07,2025-10-08,2025-10-10,229,228,Wholesale,51.76,0.2,MAT00054,PO000330
ORD000309,2025-06-29,2025-07-01,2025-07-03,36,36,Retail,289.87,0.4,MAT00004,PO000323
ORD000310,2025-08-25,2025-08-28,2025-09-02,344,344,Ecom,317.47,0.5,MAT00076,PO000194
ORD000311,2025-08-12,2025-08-14,2025-08-17,178,178,Retail,235.24,0.4,MAT00049,PO000371
ORD000312,2025-07-11,2025-07-11,2025-07-14,116,116,Wholesale,91.48,0.2,MAT00065,PO000200
ORD000313,2025-09-19,2025-09-22,2025-09-27,544,544,Wholesale,163.57,0.2,MAT00043,PO000039
ORD000314,2025-07-08,2025-07-10,2025-07-15,505,505,Retail,313.15,0.4,MAT00028,PO000463
ORD000315,2025-10-17,2025-10-20,2025-10-22,238,238,Wholesale,98.39,0.2,MAT00017,PO000203
ORD000316,2025-06-13,2025-06-14,2025-06-16,597,597,Wholesale,160.08,0.2,MAT00047,PO000260
ORD000317,2025-10-03,2025-10-04,2025-10-08,324,324,Retail,287.02,0.4,MAT00065,PO000241
ORD000318,2025-10-01,2025-10-03,2025-10-06,405,405,Wholesale,235.2,0.2,MAT00008,PO000325
ORD000319,2025-06-22,2025-06-22,2025-06-24,465,465,Wholesale,366.17,0.2,MAT00108,PO000517
ORD000320,2025-08-25,2025-08-25,2025-08-29,158,158,Retail,107.08,0.4,MAT00003,PO000275
ORD000321,2025-07-23,2025-07-26,2025-07-31,76,76,Retail,348,0.4,MAT00070,PO000310
ORD000322,2025-09-15,2025-09-18,2025-09-19,563,563,Wholesale,200.12,0.2,MAT00044,PO000009
ORD000323,2025-08-06,2025-08-06,2025-08-07,183,183,Wholesale,226.76,0.2,MAT00105,PO000245
ORD000324,2025-09-15,2025-09-16,2025-09-20,96,96,Retail,200.23,0.4,MAT00105,PO000248
ORD000325,2025-07-23,2025-07-24,2025-07-26,206,206,Wholesale,221.27,0.2,MAT00085,PO000195
ORD000326,2025-07-18,2025-07-19,2025-07-24,100,100,Retail,167.15,0.4,MAT00080,PO000392
ORD000327,2025-08-17,2025-08-20,2025-08-24,412,412,Wholesale,280.51,0.2,MAT00072,PO000122
ORD000328,2025-09-18,2025-09-21,2025-09-26,539,532,Retail,347.44,0.4,MAT00058,PO000109
ORD000329,2025-06-01,2025-06-03,2025-06-07,469,469,Ecom,215.41,0.5,MAT00098,PO000104
ORD000330,2025-07-11,2025-07-14,2025-07-19,545,545,Ecom,258.86,0.5,MAT00089,PO000173
ORD000331,2025-07-11,2025-07-11,2025-07-12,453,453,Wholesale,266.51,0.2,MAT00043,PO000345
ORD000332,2025-07-30,2025-08-02,2025-08-07,289,289,Retail,328.88,0.4,MAT00042,PO000457
ORD000333,2025-06-09,2025-06-12,2025-06-14,205,205,Wholesale,350.09,0.2,MAT00025,PO000494
ORD000334,2025-07-08,2025-07-10,2025-07-11,284,280,Wholesale,285.94,0.2,MAT00109,PO000175
ORD000335,2025-10-25,2025-10-26,2025-10-29,138,138,Wholesale,268,0.2,MAT00009,PO000140
ORD000336,2025-06-10,2025-06-11,2025-06-15,287,287,Ecom,273.51,0.5,MAT00024,PO000297
ORD000337,2025-09-30,2025-09-30,2025-10-02,378,378,Wholesale,259.61,0.2,MAT00014,PO000446
ORD000338,2025-07-05,2025-07-05,2025-07-09,118,118,Ecom,274.17,0.5,MAT00105,PO000505
ORD000339,2025-09-24,2025-09-26,2025-09-28,413,409,Wholesale,196.77,0.2,MAT00095,PO000354
ORD000340,2025-07-01,2025-07-03,2025-07-08,398,398,Wholesale,114.23,0.2,MAT00021,PO000162
ORD000341,2025-10-07,2025-10-10,2025-10-14,167,167,Retail,303.38,0.4,MAT00075,PO000340
ORD000342,2025-06-08,2025-06-11,2025-06-13,512,512,Ecom,388.4,0.5,MAT00056,PO000501
ORD000343,2025-08-30,2025-09-01,2025-09-02,223,223,Wholesale,226.08,0.2,MAT00037,PO000364
ORD000344,2025-07-30,2025-07-30,2025-08-02,486,486,Retail,64.47,0.4,MAT00008,PO000049
ORD000345,2025-10-01,2025-10-01,2025-10-03,213,213,Wholesale,323.53,0.2,MAT00070,PO000092
ORD000346,2025-07-06,2025-07-07,2025-07-12,151,147,Retail,229.73,0.4,MAT00064,PO000513
ORD000347,2025-07-30,2025-08-02,2025-08-06,34,34,Retail,320.59,0.4,MAT00082,PO000326
ORD000348,2025-07-22,2025-07-24,2025-07-25,485,485,Ecom,360.94,0.5,MAT00058,PO000208
ORD000349,2025-07-31,2025-07-31,2025-08-05,234,234,Retail,331.29,0.4,MAT00001,PO000066
ORD000350,2025-06-26,2025-06-28,2025-07-02,37,37,Ecom,147.75,0.5,MAT00053,PO000356
ORD000351,2025-06-05,2025-06-05,2025-06-07,513,513,Wholesale,314.53,0.2,MAT00001,PO000504
ORD000352,2025-06-02,2025-06-02,2025-06-04,587,587,Ecom,62.19,0.5,MAT00068,PO000001
ORD000353,2025-07-10,2025-07-13,2025-07-15,284,284,Retail,83.69,0.4,MAT00049,PO000447
ORD000354,2025-09-11,2025-09-11,2025-09-12,212,211,Ecom,228.37,0.5,MAT00008,PO000289
ORD000355,2025-09-19,2025-09-22,2025-09-27,181,181,Ecom,156.22,0.5,MAT00030,PO000519
ORD000356,2025-07-24,2025-07-26,2025-07-28,516,516,Ecom,274.84,0.5,MAT00085,PO000343
ORD000357,2025-08-04,2025-08-04,2025-08-06,519,519,Retail,218.17,0.4,MAT00102,PO000472
ORD000358,2025-09-05,2025-09-08,2025-09-10,203,203,Ecom,290.89,0.5,MAT00011,PO000001
ORD000359,2025-06-01,2025-06-03,2025-06-08,532,532,Wholesale,132.4,0.2,MAT00065,PO000397
ORD000360,2025-06-10,2025-06-11,2025-06-12,263,263,Ecom,375.06,0.5,MAT00001,PO000464
ORD000361,2025-08-01,2025-08-04,2025-08-05,386,386,Wholesale,52.92,0.2,MAT00034,PO000070
ORD000362,2025-10-03,2025-10-05,2025-10-07,100,100,Ecom,55.12,0.5,MAT00038,PO000372
ORD000363,2025-06-09,2025-06-11,2025-06-14,428,428,Retail,350.72,0.4,MAT00070,PO000162
ORD000364,2025-10-08,2025-10-11,2025-10-12,210,207,Ecom,310.82,0.5,MAT00007,PO000140
ORD000365,2025-06-19,2025-06-21,2025-06-24,140,140,Wholesale,379.73,0.2,MAT00075,PO000409
ORD000366,2025-10-28,2025-10-29,2025-10-30,470,470,Wholesale,246.52,0.2,MAT00008,PO000180
ORD000367,2025-06-03,2025-06-03,2025-06-08,85,85,Ecom,90.18,0.5,MAT00084,PO000259
ORD000368,2025-06-12,2025-06-12,2025-06-17,263,263,Wholesale,204.06,0.2,MAT00028,PO000399
ORD000369,2025-10-15,2025-10-18,2025-10-23,273,273,Retail,336.8,0.4,MAT00022,PO000249
ORD000370,2025-07-14,2025-07-16,2025-07-17,102,102,Wholesale,194.05,0.2,MAT00014,PO000069
ORD000371,2025-06-25,2025-06-27,2025-07-01,83,83,Retail,102.73,0.4,MAT00007,PO000146
ORD000372,2025-08-24,2025-08-25,2025-08-28,302,302,Ecom,221.76,0.5,MAT00014,PO000279
ORD000373,2025-07-28,2025-07-29,2025-07-30,158,154,Ecom,304.63,0.5,MAT00035,PO000409
ORD000374,2025-08-01,2025-08-04,2025-08-08,58,58,Ecom,167.98,0.5,MAT00103,PO000035
ORD000375,2025-06-26,2025-06-27,2025-06-28,110,110,Retail,273.23,0.4,MAT00041,PO000180
ORD000376,2025-06-17,2025-06-18,2025-06-19,31,31,Ecom,124.56,0.5,MAT00058,PO000125
ORD000377,2025-06-09,2025-06-11,2025-06-13,456,456,Ecom,150.84,0.5,MAT00042,PO000231
ORD000378,2025-07-02,2025-07-03,2025-07-06,165,158,Wholesale,322.5,0.2,MAT00106,PO000213
ORD000379,2025-09-23,2025-09-25,2025-09-28,37,37,Ecom,92.54,0.5,MAT00073,PO000485
ORD000380,2025-06-02,2025-06-03,2025-06-06,41,41,Wholesale,359.49,0.2,MAT00101,PO000183
ORD000381,2025-07-05,2025-07-07,2025-07-12,47,47,Wholesale,124.08,0.2,MAT00108,PO000185
ORD000382,2025-08-13,2025-08-13,2025-08-16,122,122,Retail,352.52,0.4,MAT00059,PO000316
ORD000383,2025-08-02,2025-08-03,2025-08-08,269,269,Retail,391.55,0.4,MAT00071,PO000102
ORD000384,2025-09-07,2025-09-10,2025-09-14,437,437,Wholesale,310.79,0.2,MAT00100,PO000209
ORD000385,2025-07-04,2025-07-06,2025-07-08,215,215,Retail,102.71,0.4,MAT00066,PO000182
ORD000386,2025-07-23,2025-07-26,2025-07-28,338,338,Ecom,148.55,0.5,MAT00009,PO000270
ORD000387,2025-09-25,2025-09-27,2025-10-02,309,309,Wholesale,155.81,0.2,MAT00104,PO000088
ORD000388,2025-06-06,2025-06-09,2025-06-10,401,392,Retail,342.08,0.4,MAT00025,PO000377
ORD000389,2025-09-06,2025-09-08,2025-09-09,477,469,Wholesale,245.98,0.2,MAT00084,PO000364
ORD000390,2025-09-12,2025-09-14,2025-09-16,391,391,Wholesale,330.56,0.2,MAT00019,PO000069
ORD000391,2025-10-13,2025-10-14,2025-10-19,546,537,Ecom,217.06,0.5,MAT00032,PO000353
ORD000392,2025-07-22,2025-07-24,2025-07-28,45,45,Ecom,195.44,0.5,MAT00023,PO000457
ORD000393,2025-10-07,2025-10-10,2025-10-12,458,458,Ecom,42.12,0.5,MAT00017,PO000088
ORD000394,2025-09-04,2025-09-07,2025-09-09,309,309,Retail,275.14,0.4,MAT00075,PO000463
ORD000395,2025-07-16,2025-07-18,2025-07-23,68,68,Ecom,296.44,0.5,MAT00086,PO000266
ORD000396,2025-10-15,2025-10-17,2025-10-20,238,238,Retail,373.96,0.4,MAT00085,PO000275
ORD000397,2025-06-25,2025-06-26,2025-06-27,531,531,Ecom,52.7,0.5,MAT00072,PO000339
ORD000398,2025-06-21,2025-06-21,2025-06-23,184,184,Retail,160.11,0.4,MAT00042,PO000074
ORD000399,2025-10-04,2025-10-06,2025-10-08,488,488,Wholesale,351.6,0.2,MAT00036,PO000255
ORD000400,2025-09-16,2025-09-18,2025-09-21,525,525,Retail,354.35,0.4,MAT00073,PO000070
ORD000401,2025-09-12,2025-09-14,2025-09-19,497,497,Ecom,305.93,0.5,MAT00004,PO000405
ORD000402,2025-08-17,2025-08-18,2025-08-19,59,59,Wholesale,141.08,0.2,MAT00106,PO000116
ORD000403,2025-07-23,2025-07-26,2025-07-30,516,516,Retail,159.83,0.4,MAT00023,PO000380
ORD000404,2025-10-11,2025-10-12,2025-10-14,309,309,Retail,258.28,0.4,MAT00072,PO000445
ORD000405,2025-10-12,2025-10-14,2025-10-17,332,332,Ecom,238.39,0.5,MAT00052,PO000228
ORD000406,2025-10-31,2025-11-02,2025-11-06,503,503,Wholesale,233.51,0.2,MAT00054,PO000154
ORD000407,2025-09-21,2025-09-22,2025-09-24,110,110,Wholesale,227.72,0.2,MAT00079,PO000349
ORD000408,2025-07-02,2025-07-04,2025-07-05,347,347,Ecom,237.3,0.5,MAT00017,PO000399
ORD000409,2025-06-03,2025-06-03,2025-06-08,204,204,Retail,62.64,0.4,MAT00029,PO000300
ORD000410,2025-09-09,2025-09-10,2025-09-11,90,90,Ecom,143.42,0.5,MAT00015,PO000160
ORD000411,2025-08-31,2025-08-31,2025-09-01,585,585,Wholesale,272.52,0.2,MAT00088,PO000053
ORD000412,2025-10-25,2025-10-25,2025-10-28,44,44,Wholesale,323.52,0.2,MAT00097,PO000300
ORD000413,2025-09-07,2025-09-08,2025-09-13,232,232,Ecom,286.19,0.5,MAT00080,PO000449
ORD000414,2025-09-26,2025-09-29,2025-10-04,51,51,Wholesale,190.48,0.2,MAT00043,PO000277
ORD000415,2025-08-13,2025-08-13,2025-08-18,503,503,Retail,192.5,0.4,MAT00064,PO000485
ORD000416,2025-06-17,2025-06-17,2025-06-21,158,158,Ecom,223.32,0.5,MAT00044,PO000232
ORD000417,2025-10-02,2025-10-05,2025-10-08,85,85,Ecom,350.73,0.5,MAT00039,PO000469
ORD000418,2025-09-19,2025-09-20,2025-09-21,50,49,Retail,146.24,0.4,MAT00057,PO000040
ORD000419,2025-10-11,2025-10-14,2025-10-18,522,522,Wholesale,276.23,0.2,MAT00021,PO000501
ORD000420,2025-08-08,2025-08-11,2025-08-16,267,267,Ecom,119.06,0.5,MAT00097,PO000332